"UniprotID.TF","Name.TF","total_targets","deg_targets","prop_deg","contrast","index"
"G5EGN8","nhr-27",1,1,1,"RB2060_TR_vs_UN",1
"H2KYD3","-",1,1,1,"RB2060_TR_vs_UN",1
"O45521","nhr-111",2,2,1,"RB2060_TR_vs_UN",2
"Q09477","dpff-1",1,1,1,"RB2060_TR_vs_UN",1
"Q19306","-",1,1,1,"RB2060_TR_vs_UN",1
"Q21361","atf-2",1,1,1,"RB2060_TR_vs_UN",1
"Q94126","ces-2",1,1,1,"RB2060_TR_vs_UN",1
"Q9NAG7","ztf-22",5,4,0.8,"RB2060_TR_vs_UN",3.2
"O02224","ceh-79",3,2,0.666666666666667,"RB2060_TR_vs_UN",1.33333333333333
"P22980","hlh-1",3,2,0.666666666666667,"RB2060_TR_vs_UN",1.33333333333333
"P34333","gei-8",3,2,0.666666666666667,"RB2060_TR_vs_UN",1.33333333333333
"Q23272","atfs-1",11,7,0.636363636363636,"RB2060_TR_vs_UN",4.45454545454545
"Q9BLC4","sdz-12",8,5,0.625,"RB2060_TR_vs_UN",3.125
"Q22798","-",5,3,0.6,"RB2060_TR_vs_UN",1.8
"Q7YWZ7","-",10,6,0.6,"RB2060_TR_vs_UN",3.6
"Q19335","repo-1",26,15,0.576923076923077,"RB2060_TR_vs_UN",8.65384615384615
"Q8T3B9","sem-2",7,4,0.571428571428571,"RB2060_TR_vs_UN",2.28571428571429
"Q21148","zip-2",196,104,0.530612244897959,"RB2060_TR_vs_UN",55.1836734693878
"Q17768","spr-3",23,12,0.521739130434783,"RB2060_TR_vs_UN",6.26086956521739
"Q10938","-",4,2,0.5,"RB2060_TR_vs_UN",1
"Q18533","mls-2",8,4,0.5,"RB2060_TR_vs_UN",2
"Q93779","gmeb-2",20,10,0.5,"RB2060_TR_vs_UN",5
"G5EBL3","sdc-2",216,102,0.472222222222222,"RB2060_TR_vs_UN",48.1666666666667
"Q21272","pax-1",108,51,0.472222222222222,"RB2060_TR_vs_UN",24.0833333333333
"Q10007","hlh-6",17,8,0.470588235294118,"RB2060_TR_vs_UN",3.76470588235294
"Q965P0","-",17,8,0.470588235294118,"RB2060_TR_vs_UN",3.76470588235294
"Q9XWL0","-",17,8,0.470588235294118,"RB2060_TR_vs_UN",3.76470588235294
"Q966L3","akir-1",11,5,0.454545454545455,"RB2060_TR_vs_UN",2.27272727272727
"Q9N360","-",42,19,0.452380952380952,"RB2060_TR_vs_UN",8.59523809523809
"P91306","cey-2",82,37,0.451219512195122,"RB2060_TR_vs_UN",16.6951219512195
"Q9XTB5","lem-2",20,9,0.45,"RB2060_TR_vs_UN",4.05
"O61845","chd-7",29,13,0.448275862068966,"RB2060_TR_vs_UN",5.82758620689655
"P26797","ceh-19",16,7,0.4375,"RB2060_TR_vs_UN",3.0625
"Q17561","aly-1",7,3,0.428571428571429,"RB2060_TR_vs_UN",1.28571428571429
"Q9XVV3","nhr-67",103,44,0.427184466019417,"RB2060_TR_vs_UN",18.7961165048544
"P41846","mml-1",54,23,0.425925925925926,"RB2060_TR_vs_UN",9.7962962962963
"Q23096","tofu-5",40,17,0.425,"RB2060_TR_vs_UN",7.225
"Q9XUK7","nhr-85",565,240,0.424778761061947,"RB2060_TR_vs_UN",101.946902654867
"Q23175","ceh-32",38,16,0.421052631578947,"RB2060_TR_vs_UN",6.73684210526316
"Q20082","zfp-2",157,66,0.420382165605096,"RB2060_TR_vs_UN",27.7452229299363
"Q11178","attf-4",55,23,0.418181818181818,"RB2060_TR_vs_UN",9.61818181818182
"G5EGE2","cog-1",36,15,0.416666666666667,"RB2060_TR_vs_UN",6.25
"O76561","-",36,15,0.416666666666667,"RB2060_TR_vs_UN",6.25
"Q09604","vab-15",24,10,0.416666666666667,"RB2060_TR_vs_UN",4.16666666666667
"Q9NAD6","sta-1",272,112,0.411764705882353,"RB2060_TR_vs_UN",46.1176470588235
"Q18909","cebp-1",956,393,0.411087866108787,"RB2060_TR_vs_UN",161.557531380753
"Q9N5D6","unc-62",2341,959,0.40965399401965,"RB2060_TR_vs_UN",392.858180264844
"Q45EK2","ceh-60",4137,1679,0.405849649504472,"RB2060_TR_vs_UN",681.421561518008
"Q10655","elt-2",3333,1350,0.405040504050405,"RB2060_TR_vs_UN",546.804680468047
"G5EFF5","daf-12",35,14,0.4,"RB2060_TR_vs_UN",5.6
"O01819","tofu-4",15,6,0.4,"RB2060_TR_vs_UN",2.4
"O44498","set-9",10,4,0.4,"RB2060_TR_vs_UN",1.6
"Q18605","athp-1",20,8,0.4,"RB2060_TR_vs_UN",3.2
"Q20709","tra-4",5,2,0.4,"RB2060_TR_vs_UN",0.8
"Q965W2","nhr-86",236,94,0.398305084745763,"RB2060_TR_vs_UN",37.4406779661017
"Q94407","nhr-48",149,59,0.395973154362416,"RB2060_TR_vs_UN",23.3624161073826
"G5EFY7","pqm-1",4462,1763,0.395114298520843,"RB2060_TR_vs_UN",696.586508292246
"Q94361","gei-17",33,13,0.393939393939394,"RB2060_TR_vs_UN",5.12121212121212
"Q9BKT9","npp-13",56,22,0.392857142857143,"RB2060_TR_vs_UN",8.64285714285714
"Q17905","nhr-28",4177,1632,0.39071103662916,"RB2060_TR_vs_UN",637.640411778789
"Q18711","mxl-3",279,109,0.390681003584229,"RB2060_TR_vs_UN",42.584229390681
"G5ECG2","fos-1",4528,1768,0.390459363957597,"RB2060_TR_vs_UN",690.332155477032
"H2L008","ztf-16",26,10,0.384615384615385,"RB2060_TR_vs_UN",3.84615384615385
"Q19723","-",112,43,0.383928571428571,"RB2060_TR_vs_UN",16.5089285714286
"G5ED66","pax-3",63,24,0.380952380952381,"RB2060_TR_vs_UN",9.14285714285714
"Q22190","sma-9",3394,1290,0.380082498526812,"RB2060_TR_vs_UN",490.306423099588
"Q20060","smc-4",50,19,0.38,"RB2060_TR_vs_UN",7.22
"Q93727","sptf-1",29,11,0.379310344827586,"RB2060_TR_vs_UN",4.17241379310345
"Q94398","ceh-8",270,102,0.377777777777778,"RB2060_TR_vs_UN",38.5333333333333
"Q93705","unc-3",16,6,0.375,"RB2060_TR_vs_UN",2.25
"G5ECU7","1-Jun",1918,715,0.372784150156413,"RB2060_TR_vs_UN",266.540667361835
"P34474","hlh-11",1422,528,0.371308016877637,"RB2060_TR_vs_UN",196.050632911392
"P41999","nhr-10",334,124,0.37125748502994,"RB2060_TR_vs_UN",46.0359281437126
"O16850","daf-16",5919,2195,0.370839668862984,"RB2060_TR_vs_UN",813.993073154249
"G5EGD2","hif-1",834,309,0.370503597122302,"RB2060_TR_vs_UN",114.485611510791
"Q23294","nhr-11",1065,394,0.369953051643192,"RB2060_TR_vs_UN",145.761502347418
"Q22812","ceh-39",365,135,0.36986301369863,"RB2060_TR_vs_UN",49.9315068493151
"O02316","nhr-77",3645,1348,0.369821673525377,"RB2060_TR_vs_UN",498.519615912208
"G5EDU4","eor-1",1144,422,0.368881118881119,"RB2060_TR_vs_UN",155.667832167832
"B2D6P4","tlf-1",98,36,0.36734693877551,"RB2060_TR_vs_UN",13.2244897959184
"G5EG44","mdl-1",2557,938,0.366836136096989,"RB2060_TR_vs_UN",344.092295658975
"G5EFT5","hsf-1",1197,438,0.365914786967419,"RB2060_TR_vs_UN",160.270676691729
"Q09565","nhr-20",1839,672,0.365415986949429,"RB2060_TR_vs_UN",245.559543230016
"O02219","aha-1",899,327,0.363737486095662,"RB2060_TR_vs_UN",118.942157953281
"G5EGF8","tlp-1",66,24,0.363636363636364,"RB2060_TR_vs_UN",8.72727272727273
"O17894","unc-39",58,21,0.362068965517241,"RB2060_TR_vs_UN",7.60344827586207
"Q22909","ceh-30",94,34,0.361702127659574,"RB2060_TR_vs_UN",12.2978723404255
"A5JYV4","nhr-129",2251,813,0.361172812083518,"RB2060_TR_vs_UN",293.6334962239
"G5EEL9","hmg-11",111,40,0.36036036036036,"RB2060_TR_vs_UN",14.4144144144144
"P34707","skn-1",2839,1023,0.360338147234942,"RB2060_TR_vs_UN",368.625924621346
"Q10661","dpy-30",375,135,0.36,"RB2060_TR_vs_UN",48.6
"P17486","egl-5",1454,522,0.359009628610729,"RB2060_TR_vs_UN",187.403026134801
"Q18955","unc-120",53,19,0.358490566037736,"RB2060_TR_vs_UN",6.81132075471698
"P45896","sma-3",1429,505,0.353393981805458,"RB2060_TR_vs_UN",178.463960811756
"G5EBF1","sax-3",1962,693,0.353211009174312,"RB2060_TR_vs_UN",244.775229357798
"Q23521","-",309,109,0.352750809061489,"RB2060_TR_vs_UN",38.4498381877023
"Q966B8","nhr-237",551,194,0.352087114337568,"RB2060_TR_vs_UN",68.3049001814882
"A0A131MCL4","die-1",37,13,0.351351351351351,"RB2060_TR_vs_UN",4.56756756756757
"O44743","let-607",339,119,0.351032448377581,"RB2060_TR_vs_UN",41.7728613569322
"O18065","zim-3",20,7,0.35,"RB2060_TR_vs_UN",2.45
"Q93560","blmp-1",4480,1564,0.349107142857143,"RB2060_TR_vs_UN",546.003571428571
"Q9XVN4","ceh-27",212,74,0.349056603773585,"RB2060_TR_vs_UN",25.8301886792453
"Q9U299","xrn-2",1997,697,0.349023535302954,"RB2060_TR_vs_UN",243.269404106159
"Q17381","pha-4",5634,1964,0.348597799077032,"RB2060_TR_vs_UN",684.646077387291
"Q20448","ztf-7",916,317,0.346069868995633,"RB2060_TR_vs_UN",109.704148471616
"Q09534","-",84,29,0.345238095238095,"RB2060_TR_vs_UN",10.0119047619048
"P34326","ceh-16",1492,514,0.344504021447721,"RB2060_TR_vs_UN",177.075067024129
"P28515","elt-1",1618,557,0.3442521631644,"RB2060_TR_vs_UN",191.748454882571
"Q9U263","set-26",236,81,0.343220338983051,"RB2060_TR_vs_UN",27.8008474576271
"Q9TZI2","ztf-4",609,209,0.343185550082102,"RB2060_TR_vs_UN",71.7257799671593
"P41828","nhr-23",3483,1195,0.343095033017514,"RB2060_TR_vs_UN",409.998564455929
"Q21446","lin-14",2897,993,0.34276838108388,"RB2060_TR_vs_UN",340.369002416293
"Q19345","nhr-25",2568,879,0.342289719626168,"RB2060_TR_vs_UN",300.872663551402
"Q65CM0","nhr-76",380,130,0.342105263157895,"RB2060_TR_vs_UN",44.4736842105263
"Q09228","egl-27",1648,562,0.341019417475728,"RB2060_TR_vs_UN",191.652912621359
"O01789","him-1",88,30,0.340909090909091,"RB2060_TR_vs_UN",10.2272727272727
"Q9XUB3","rec-8",47,16,0.340425531914894,"RB2060_TR_vs_UN",5.4468085106383
"Q18299","nhr-43",1337,453,0.338818249813014,"RB2060_TR_vs_UN",153.484667165295
"P41829","nhr-6",2483,840,0.338300443012485,"RB2060_TR_vs_UN",284.172372130487
"Q93348","irx-1",405,137,0.338271604938272,"RB2060_TR_vs_UN",46.3432098765432
"Q9GZC9","-",370,125,0.337837837837838,"RB2060_TR_vs_UN",42.2297297297297
"G5EDT1","lin-35",4459,1504,0.337295357703521,"RB2060_TR_vs_UN",507.292217986096
"P34670","snu-23",3781,1274,0.336947897381645,"RB2060_TR_vs_UN",429.271621264216
"P32085","tbp-1",632,212,0.335443037974684,"RB2060_TR_vs_UN",71.1139240506329
"Q9U325","mef-2",1163,390,0.335339638865004,"RB2060_TR_vs_UN",130.782459157352
"O17208","gmeb-1",2638,882,0.33434420015163,"RB2060_TR_vs_UN",294.891584533738
"G5EEH5","mxl-1",3,1,0.333333333333333,"RB2060_TR_vs_UN",0.333333333333333
"O16749","ceh-83",3,1,0.333333333333333,"RB2060_TR_vs_UN",0.333333333333333
"O17617","fkh-4",246,82,0.333333333333333,"RB2060_TR_vs_UN",27.3333333333333
"P17488","ceh-13",6,2,0.333333333333333,"RB2060_TR_vs_UN",0.666666666666667
"Q17922","sox-4",285,95,0.333333333333333,"RB2060_TR_vs_UN",31.6666666666667
"Q18612","hnd-1",21,7,0.333333333333333,"RB2060_TR_vs_UN",2.33333333333333
"Q21192","lim-6",36,12,0.333333333333333,"RB2060_TR_vs_UN",4
"Q22289","tbx-9",3,1,0.333333333333333,"RB2060_TR_vs_UN",0.333333333333333
"Q22696","-",6,2,0.333333333333333,"RB2060_TR_vs_UN",0.666666666666667
"P34545","cbp-1",1434,476,0.331938633193863,"RB2060_TR_vs_UN",158.002789400279
"O02169","-",317,105,0.331230283911672,"RB2060_TR_vs_UN",34.7791798107256
"G5EEG1","nfya-1",4434,1465,0.330401443391971,"RB2060_TR_vs_UN",484.038114569238
"P20154","lin-11",821,271,0.330085261875761,"RB2060_TR_vs_UN",89.4531059683313
"Q21502","mep-1",3342,1100,0.329144225014961,"RB2060_TR_vs_UN",362.058647516457
"G5EC14","epc-1",1795,590,0.328690807799443,"RB2060_TR_vs_UN",193.927576601671
"Q09441","-",1830,599,0.327322404371585,"RB2060_TR_vs_UN",196.066120218579
"O16748","ceh-82",3027,990,0.327056491575818,"RB2060_TR_vs_UN",323.785926660059
"G5EFF4","sem-4",1495,488,0.326421404682274,"RB2060_TR_vs_UN",159.29364548495
"P10038","mab-5",3049,993,0.325680551000328,"RB2060_TR_vs_UN",323.400787143326
"Q18037","-",955,311,0.32565445026178,"RB2060_TR_vs_UN",101.278534031414
"Q9GTD4","nhr-71",2388,777,0.325376884422111,"RB2060_TR_vs_UN",252.81783919598
"P46581","cnd-1",83,27,0.325301204819277,"RB2060_TR_vs_UN",8.78313253012048
"G5EFQ5","rnt-1",2823,917,0.324831739284449,"RB2060_TR_vs_UN",297.87070492384
"Q19691","tbx-2",2188,710,0.324497257769653,"RB2060_TR_vs_UN",230.393053016453
"Q95Y84","hcp-6",1586,512,0.322824716267339,"RB2060_TR_vs_UN",165.286254728878
"H2L0N7","-",1419,458,0.32276250880902,"RB2060_TR_vs_UN",147.825229034531
"O17862","lir-3",1064,343,0.322368421052632,"RB2060_TR_vs_UN",110.572368421053
"Q9XVJ1","nhr-102",236,76,0.322033898305085,"RB2060_TR_vs_UN",24.4745762711864
"O17025","nhr-90",1137,366,0.321899736147757,"RB2060_TR_vs_UN",117.815303430079
"Q21955","mdt-15",1153,371,0.321769297484822,"RB2060_TR_vs_UN",119.376409366869
"P90916","lin-53",756,243,0.321428571428571,"RB2060_TR_vs_UN",78.1071428571429
"Q10902","nhr-2",330,106,0.321212121212121,"RB2060_TR_vs_UN",34.0484848484848
"Q17694","snpc-1.1",651,209,0.321044546850998,"RB2060_TR_vs_UN",67.0983102918587
"P91547","duxl-1",891,286,0.320987654320988,"RB2060_TR_vs_UN",91.8024691358025
"O62183","aly-2",564,181,0.320921985815603,"RB2060_TR_vs_UN",58.0868794326241
"Q9N5S3","lsy-2",4272,1370,0.320692883895131,"RB2060_TR_vs_UN",439.34925093633
"Q23045","egl-13",375,120,0.32,"RB2060_TR_vs_UN",38.4
"O44505","-",1152,368,0.319444444444444,"RB2060_TR_vs_UN",117.555555555556
"O17514","mes-2",3419,1091,0.319099151798772,"RB2060_TR_vs_UN",348.13717461246
"P91868","snpc-4",4493,1433,0.318940574226575,"RB2060_TR_vs_UN",457.041842866682
"G5EE07","xbp-1",1619,516,0.318715256331069,"RB2060_TR_vs_UN",164.457072266831
"Q20818","capg-2",132,42,0.318181818181818,"RB2060_TR_vs_UN",13.3636363636364
"G5EBU4","zag-1",929,295,0.317545748116254,"RB2060_TR_vs_UN",93.6759956942949
"P52906","unc-30",574,182,0.317073170731707,"RB2060_TR_vs_UN",57.7073170731707
"G5EDE1","pag-3",101,32,0.316831683168317,"RB2060_TR_vs_UN",10.1386138613861
"O44131","-",177,56,0.31638418079096,"RB2060_TR_vs_UN",17.7175141242938
"O17828","prde-1",19,6,0.315789473684211,"RB2060_TR_vs_UN",1.89473684210526
"P91437","-",57,18,0.315789473684211,"RB2060_TR_vs_UN",5.68421052631579
"Q27395","lin-15B",3207,1012,0.315559713127534,"RB2060_TR_vs_UN",319.346429685064
"Q95XZ5","pqn-85",480,151,0.314583333333333,"RB2060_TR_vs_UN",47.5020833333333
"P13528","unc-86",1170,368,0.314529914529915,"RB2060_TR_vs_UN",115.747008547009
"G5ECR9","unc-55",4049,1273,0.314398616942455,"RB2060_TR_vs_UN",400.229439367745
"P34684","lin-39",2421,761,0.314332920280876,"RB2060_TR_vs_UN",239.207352333746
"Q18248","dmd-4",140,44,0.314285714285714,"RB2060_TR_vs_UN",13.8285714285714
"Q22092","snpc-3.4",315,99,0.314285714285714,"RB2060_TR_vs_UN",31.1142857142857
"Q94165","ceh-34",86,27,0.313953488372093,"RB2060_TR_vs_UN",8.47674418604651
"P20268","ceh-6",32,10,0.3125,"RB2060_TR_vs_UN",3.125
"Q19753","-",1209,377,0.311827956989247,"RB2060_TR_vs_UN",117.559139784946
"G5EE18","ceh-28",1066,332,0.311444652908068,"RB2060_TR_vs_UN",103.399624765478
"P34522","pros-1",1224,381,0.311274509803922,"RB2060_TR_vs_UN",118.595588235294
"Q21701","nhr-12",132,41,0.310606060606061,"RB2060_TR_vs_UN",12.7348484848485
"P46505","zip-8",1094,338,0.308957952468007,"RB2060_TR_vs_UN",104.427787934186
"P34341","kle-2",2312,713,0.308391003460208,"RB2060_TR_vs_UN",219.882785467128
"U4PEA1","-",1058,326,0.30812854442344,"RB2060_TR_vs_UN",100.449905482042
"Q18694","unc-130",1156,356,0.307958477508651,"RB2060_TR_vs_UN",109.63321799308
"Q69YW8","ceh-90",289,89,0.307958477508651,"RB2060_TR_vs_UN",27.4083044982699
"Q93520","-",2185,671,0.307093821510297,"RB2060_TR_vs_UN",206.05995423341
"A8WFJ9","ets-4",189,58,0.306878306878307,"RB2060_TR_vs_UN",17.7989417989418
"Q7JNN6","snpc-1.3",551,169,0.306715063520871,"RB2060_TR_vs_UN",51.8348457350272
"O17646","-",2778,851,0.306335493160547,"RB2060_TR_vs_UN",260.691504679626
"O17593","fkh-10",578,177,0.306228373702422,"RB2060_TR_vs_UN",54.2024221453287
"P34708","tra-1",1968,600,0.304878048780488,"RB2060_TR_vs_UN",182.926829268293
"P41936","ceh-22",46,14,0.304347826086957,"RB2060_TR_vs_UN",4.26086956521739
"Q10666","pop-1",23,7,0.304347826086957,"RB2060_TR_vs_UN",2.1304347826087
"G5EF11","efl-1",4282,1300,0.303596450256889,"RB2060_TR_vs_UN",394.675385333956
"Q10120","lin-52",2619,795,0.303550973654066,"RB2060_TR_vs_UN",241.323024054983
"Q23482","lin-37",2318,702,0.302847282139776,"RB2060_TR_vs_UN",212.598792062123
"Q22093","tftc-5",284,86,0.302816901408451,"RB2060_TR_vs_UN",26.0422535211268
"Q93352","ceh-36",43,13,0.302325581395349,"RB2060_TR_vs_UN",3.93023255813953
"P45968","cec-3",153,46,0.300653594771242,"RB2060_TR_vs_UN",13.8300653594771
"Q22703","dpl-1",4646,1395,0.300258286698235,"RB2060_TR_vs_UN",418.860309944038
"Q17370","nhr-47",1700,510,0.3,"RB2060_TR_vs_UN",153
"Q9XWS3","madf-10",581,174,0.299483648881239,"RB2060_TR_vs_UN",52.1101549053356
"O01441","-",157,47,0.299363057324841,"RB2060_TR_vs_UN",14.0700636942675
"Q23541","rbr-2",948,283,0.298523206751055,"RB2060_TR_vs_UN",84.4820675105485
"Q95QD7","lin-54",3035,904,0.297858319604613,"RB2060_TR_vs_UN",269.26392092257
"P34706","sdc-3",930,277,0.297849462365591,"RB2060_TR_vs_UN",82.5043010752688
"O01683","hmg-3",497,148,0.297786720321932,"RB2060_TR_vs_UN",44.0724346076459
"Q11107","lin-13",3036,902,0.297101449275362,"RB2060_TR_vs_UN",267.985507246377
"P30630","lin-9",2692,798,0.296433878157504,"RB2060_TR_vs_UN",236.554234769688
"D0VWM8","tdp-1",3020,895,0.29635761589404,"RB2060_TR_vs_UN",265.240066225166
"A7DTF0","mrg-1",17,5,0.294117647058824,"RB2060_TR_vs_UN",1.47058823529412
"Q9U2V2","-",17,5,0.294117647058824,"RB2060_TR_vs_UN",1.47058823529412
"G5ECN8","ces-1",2546,748,0.293794186959937,"RB2060_TR_vs_UN",219.758051846033
"G5ECT8","ceh-2",145,42,0.289655172413793,"RB2060_TR_vs_UN",12.1655172413793
"Q93246","dsc-1",963,278,0.288681204569055,"RB2060_TR_vs_UN",80.2533748701973
"Q18919","spr-1",97,28,0.288659793814433,"RB2060_TR_vs_UN",8.08247422680412
"G4SGI5","oef-1",1237,356,0.287793047696039,"RB2060_TR_vs_UN",102.45432497979
"O02274","ztf-11",397,114,0.287153652392947,"RB2060_TR_vs_UN",32.735516372796
"Q95PX3","tbx-7",115,33,0.28695652173913,"RB2060_TR_vs_UN",9.4695652173913
"Q22173","attf-5",143,41,0.286713286713287,"RB2060_TR_vs_UN",11.7552447552448
"P48996","dpy-27",1786,512,0.286674132138858,"RB2060_TR_vs_UN",146.777155655095
"H2KZM4","peb-1",14,4,0.285714285714286,"RB2060_TR_vs_UN",1.14285714285714
"Q09249","-",35,10,0.285714285714286,"RB2060_TR_vs_UN",2.85714285714286
"Q10574","lin-32",35,10,0.285714285714286,"RB2060_TR_vs_UN",2.85714285714286
"Q10924","fkh-6",21,6,0.285714285714286,"RB2060_TR_vs_UN",1.71428571428571
"Q18508","mel-28",7,2,0.285714285714286,"RB2060_TR_vs_UN",0.571428571428571
"Q9BIB8","imb-1",18,5,0.277777777777778,"RB2060_TR_vs_UN",1.38888888888889
"Q65ZG8","lin-42",1032,285,0.276162790697674,"RB2060_TR_vs_UN",78.7063953488372
"Q21374","-",226,62,0.274336283185841,"RB2060_TR_vs_UN",17.0088495575221
"B2D6M2","lin-61",520,142,0.273076923076923,"RB2060_TR_vs_UN",38.7769230769231
"Q22910","ceh-31",304,83,0.273026315789474,"RB2060_TR_vs_UN",22.6611842105263
"Q22292","tbx-8",11,3,0.272727272727273,"RB2060_TR_vs_UN",0.818181818181818
"Q9U2M1","dpy-28",675,184,0.272592592592593,"RB2060_TR_vs_UN",50.157037037037
"Q95PV7","tftc-3",290,79,0.272413793103448,"RB2060_TR_vs_UN",21.5206896551724
"Q11094","hlh-8",136,37,0.272058823529412,"RB2060_TR_vs_UN",10.0661764705882
"Q09591","mix-1",309,84,0.271844660194175,"RB2060_TR_vs_UN",22.8349514563107
"P17512","mtl-2",890,239,0.268539325842697,"RB2060_TR_vs_UN",64.1808988764045
"P41934","ceh-18",153,41,0.26797385620915,"RB2060_TR_vs_UN",10.9869281045752
"P41848","hmg-4",15,4,0.266666666666667,"RB2060_TR_vs_UN",1.06666666666667
"Q9XV35","madf-2",30,8,0.266666666666667,"RB2060_TR_vs_UN",2.13333333333333
"G5EGE9","dpy-26",481,127,0.264033264033264,"RB2060_TR_vs_UN",33.5322245322245
"Q20561","hlh-13",19,5,0.263157894736842,"RB2060_TR_vs_UN",1.31578947368421
"B9ZSG9","ztf-18",413,108,0.261501210653753,"RB2060_TR_vs_UN",28.2421307506053
"Q9N5H8","-",46,12,0.260869565217391,"RB2060_TR_vs_UN",3.1304347826087
"G5EBZ4","let-418",219,56,0.255707762557078,"RB2060_TR_vs_UN",14.3196347031963
"O02273","lsl-1",565,143,0.253097345132743,"RB2060_TR_vs_UN",36.1929203539823
"G5EF71","med-1",183,46,0.251366120218579,"RB2060_TR_vs_UN",11.5628415300546
"O45134","xnd-1",867,217,0.250288350634371,"RB2060_TR_vs_UN",54.3125720876586
"O45080","ceh-48",168,42,0.25,"RB2060_TR_vs_UN",10.5
"O45103","snai-1",4,1,0.25,"RB2060_TR_vs_UN",0.25
"Q18590","hlh-15",8,2,0.25,"RB2060_TR_vs_UN",0.5
"Q21578","pha-2",4,1,0.25,"RB2060_TR_vs_UN",0.25
"Q966L8","che-1",8,2,0.25,"RB2060_TR_vs_UN",0.5
"G5EFJ4","capg-1",308,74,0.24025974025974,"RB2060_TR_vs_UN",17.7792207792208
"O01519","ets-7",30,7,0.233333333333333,"RB2060_TR_vs_UN",1.63333333333333
"P09088","mec-3",13,3,0.230769230769231,"RB2060_TR_vs_UN",0.692307692307692
"O01996","eyg-1",40,9,0.225,"RB2060_TR_vs_UN",2.025
"P20271","ceh-14",76,17,0.223684210526316,"RB2060_TR_vs_UN",3.80263157894737
"Q19787","bed-3",9,2,0.222222222222222,"RB2060_TR_vs_UN",0.444444444444444
"O44712","ahr-1",28,6,0.214285714285714,"RB2060_TR_vs_UN",1.28571428571429
"Q21494","-",25,5,0.2,"RB2060_TR_vs_UN",1
"Q9XVS4","dao-5",11,2,0.181818181818182,"RB2060_TR_vs_UN",0.363636363636364
"O62412","nhr-232",34,6,0.176470588235294,"RB2060_TR_vs_UN",1.05882352941176
"Q21836","alr-1",12,2,0.166666666666667,"RB2060_TR_vs_UN",0.333333333333333
"Q22829","pat-9",7,1,0.142857142857143,"RB2060_TR_vs_UN",0.142857142857143
"Q09555","daf-19",23,3,0.130434782608696,"RB2060_TR_vs_UN",0.391304347826087
"P34555","hlh-4",8,1,0.125,"RB2060_TR_vs_UN",0.125
"Q18512","-",8,1,0.125,"RB2060_TR_vs_UN",0.125
"P56407","ceh-9",9,1,0.111111111111111,"RB2060_TR_vs_UN",0.111111111111111
"G5EE86","ttx-3",19,2,0.105263157894737,"RB2060_TR_vs_UN",0.210526315789474
"G5ED89","dcp-66",1,0,0,"RB2060_TR_vs_UN",0
"G5EDE0","-",1,0,0,"RB2060_TR_vs_UN",0
"O18214","mab-3",2,0,0,"RB2060_TR_vs_UN",0
"O44637","nhr-179",1,0,0,"RB2060_TR_vs_UN",0
"P41935","ceh-10",7,0,0,"RB2060_TR_vs_UN",0
"Q18273","ceh-43",1,0,0,"RB2060_TR_vs_UN",0
"Q18277","hlh-12",3,0,0,"RB2060_TR_vs_UN",0
"Q18419","-",8,0,0,"RB2060_TR_vs_UN",0
"Q27511","htz-1",3,0,0,"RB2060_TR_vs_UN",0
"Q95QI7","daf-3",1,0,0,"RB2060_TR_vs_UN",0
"Q9NH52","mes-4",2,0,0,"RB2060_TR_vs_UN",0
